Tanggal,Merek,DPLK,Tipe Risiko,Saham,Pasar Uang / Kas,Pendapatan Tetap (Obligasi / SBN / Sukuk),Total Invest,1 Bulan,3 Bulan,6 Bulan,1 Tahun,3 Tahun,5 Tahun,AUM (M),Link
Januari 2023,Allianz,DPLK_Equity_Fund,Agresif,88.98,11.02,0,100,1.73,-2.37,-2.6,0.68,16.83,8.18,213.42,https://drive.google.com/file/d/18KG0olP-op6RBD2Zj2vO5hs_2JMG_r5W/view?usp=sharing
Februari 2023,Allianz,DPLK_Equity_Fund,Agresif,90.68,9.32,0,100,-0.22,-3.86,-4.75,-1.7,26.03,7.81,214.6,https://drive.google.com/file/d/18MTNmZvXLLmi89CCvueft6epfv22MX05/view?usp=sharing
Maret 2023,Allianz,DPLK_Equity_Fund,Agresif,87.87,12.13,0,100,-0.2,1.29,-2.69,-7.8,56.38,13.69,215.06,https://drive.google.com/file/d/1D6tZcoJ3rsqvfUzA6AGAeGk99xwnu_v9/view?usp=sharing
April 2023,Allianz,DPLK_Equity_Fund,Agresif,92.74,7.26,0,100,2.07,1.63,-0.78,-9.54,52.17,20.39,219.19,https://drive.google.com/file/d/1OKo8TSoBG-X1olAb4IR6eEyt7w2Q6Mt-/view?usp=sharing
Januari 2023,Allianz,DPLK_PPUKP_Equity_Fund,Agresif,88.97,11.03,0,100,1.66,-2.43,-2.5,0.48,14.31,3.02,35.63,https://drive.google.com/file/d/1PKQoe80cTqtwyNEqzivYnIXSv-PmbBVW/view?usp=sharing
Februari 2023,Allianz,DPLK_PPUKP_Equity_Fund,Agresif,91.17,8.83,0,100,-0.24,-3.9,-4.91,-2.07,23.23,2.75,35.56,https://drive.google.com/file/d/1D84Oss4hSZ_VWqRztejzr2kEINK4tg7C/view?usp=sharing
Maret 2023,Allianz,DPLK_PPUKP_Equity_Fund,Agresif,89.14,10.86,0,100,-0.21,1.22,-2.79,-8.06,54.98,8.44,35.04,https://drive.google.com/file/d/1soSy2zR1Fc5AI6ADFXDPfdIWl7iTfCPe/view?usp=sharing
April 2023,Allianz,DPLK_PPUKP_Equity_Fund,Agresif,93.15,6.85,0,100,2.02,1.57,-0.91,-9.81,50.56,15.04,35.34,https://drive.google.com/file/d/1zH0_ImNZ2hzmSOkAglyaWkFlzPrqN6tk/view?usp=drive_link
Januari 2023,Allianz,DPLK_Money_Market_Fund,Konservatif,0,99.99,0.01,100,0.44,1.22,2.05,3.48,13.63,30.7,1323.96,https://drive.google.com/file/d/14rYHyoh7WT5nWppzu1JZbIYRV8VLg6qB/view?usp=drive_link
Februari 2023,Allianz,DPLK_Money_Market_Fund,Konservatif,0,98.37,1.63,100,0.42,1.28,2.21,3.71,13.57,30.58,1260.58,https://drive.google.com/file/d/1Ee2HSZyz-5nYBxzVG3_4qIH3jVdjEo3x/view?usp=drive_link
Maret 2023,Allianz,DPLK_Money_Market_Fund,Konservatif,0,96.63,3.37,100,0.47,1.33,2.43,3.91,13.46,30.51,1292.05,https://drive.google.com/file/d/1Vk9H4O-PYp4JLRo4_L2FNmb_uOVEA-9G/view?usp=drive_link
April 2023,Allianz,DPLK_Money_Market_Fund,Konservatif,0,92.43,7.57,100,0.42,1.31,2.55,4.12,13.36,30.32,1298.3,https://drive.google.com/file/d/1MpuvkEWYHxmmO3LAsl88DY5O3UQn77px/view?usp=drive_link
Januari 2023,Allianz,DPLK_PPUKP_Money_Market_Fund,Konservatif,0,97.97,2.03,100,0.47,1.22,2.03,3.44,13.46,30.22,991.66,https://drive.google.com/file/d/1W6QH4hxmKULPPxAHJHBlOQbreGn_p2kF/view?usp=drive_link
Februari 2023,Allianz,DPLK_PPUKP_Money_Market_Fund,Konservatif,0,96.91,3.09,100,0.41,1.29,2.19,3.66,13.37,30.11,1006.99,https://drive.google.com/file/d/1FcBXeBJVRGQKNUFOzOkm3WEpNrmcAcqI/view?usp=drive_link
Maret 2023,Allianz,DPLK_PPUKP_Money_Market_Fund,Konservatif,0,88.03,11.97,100,0.48,1.37,2.44,3.88,13.28,30.07,998.26,https://drive.google.com/file/d/1D-EtpCjzhxs6mhM8o-oC0fINk6mG08B1/view?usp=drive_link
April 2023,Allianz,DPLK_PPUKP_Money_Market_Fund,Konservatif,0,81.27,18.73,100,0.42,1.32,2.55,4.09,13.18,29.88,989.97,https://drive.google.com/file/d/1gEgtq8HcIdx3mTllIl26iAHfJA7plUY1/view?usp=drive_link
Januari 2023,Allianz,DPLK_Fixed_Income,Moderat,0,5.49,94.51,100,1.36,5.48,4.93,5.16,22.17,39.93,246.37,https://drive.google.com/file/d/1ZipUOU72Lc08_4Xol-j_weLdtlpEgE6B/view?usp=drive_link
Februari 2023,Allianz,DPLK_Fixed_Income,Moderat,0,4.13,95.87,100,-0.08,2.16,3.94,4.57,22.58,41.39,246.84,https://drive.google.com/file/d/1MGcyF4fxfQBPD1rKzFMHAIyd6l46PpqR/view?usp=drive_link
Maret 2023,Allianz,DPLK_Fixed_Income,Moderat,0,3.14,96.86,100,1.01,2.31,6.11,6.3,29.63,41.99,252.23,https://drive.google.com/file/d/1UZ6eEOMwyPgZAT3iePaASAha5yybMGgD/view?usp=drive_link
April 2023,Allianz,DPLK_Fixed_Income,Moderat,0,7.11,92.89,100,1.04,1.99,7.57,8.27,29.2,44.49,254.71,https://drive.google.com/file/d/1nySSs_xrQQR-La-Qpg02WaM0XUJfl5GK/view?usp=drive_link
Januari 2023,Allianz,DPLK_PPUKP_Fixed_Income_Fund,Moderat,0,2.97,97.03,100,1.34,5.46,4.83,4.42,21.56,37.09,727.98,https://drive.google.com/file/d/1hTDrjD1YF7sL2FaMFw9pFnTG2dFC8R_f/view?usp=drive_link
Februari 2023,Allianz,DPLK_PPUKP_Fixed_Income_Fund,Moderat,0,2.02,97.98,100,-0.12,2.07,3.76,3.91,22.16,39.09,708.56,https://drive.google.com/file/d/1-E6XcLhdy5ouft4WeoCD9LE_mSLy4QbD/view?usp=drive_link
Maret 2023,Allianz,DPLK_PPUKP_Fixed_Income_Fund,Moderat,0,2.02,97.98,100,1,2.23,5.9,5.73,29.63,39.23,711.04,https://drive.google.com/file/d/1biPbc66X4FjLVcbNv8ErH_uU4KiEAx8M/view?usp=drive_link
April 2023,Allianz,DPLK_PPUKP_Fixed_Income_Fund,Moderat,0,3.73,96.27,100,0.99,1.88,7.45,7.87,28.77,41.68,713.72,https://drive.google.com/file/d/1JFFSyuYSlYKXp7IiAAIe4SU2naO_tGUS/view?usp=drive_link
Januari 2023,Allianz,DPLK_Syariah_Fund,Moderat,0,6.98,93.02,100,0.62,2.05,2.31,2.74,19.94,36.61,125.24,https://drive.google.com/file/d/1YOGdirROy6dM6PmHelURtaAXH_eO4Bhr/view?usp=drive_link
Februari 2023,Allianz,DPLK_Syariah_Fund,Moderat,0,3.36,96.64,100,0.09,0.88,1.75,2.43,19.73,37.29,126.43,https://drive.google.com/file/d/1zkvaqt7zqx3CjjdcFF_Vt3krjYwjE-JN/view?usp=drive_link
Maret 2023,Allianz,DPLK_Syariah_Fund,Moderat,0,3.4,96.6,100,0.87,1.59,3.06,3.23,23.78,37.8,130.03,https://drive.google.com/file/d/13PuSWFWVQZUKzF5hnlGEODRc_pbDUmID/view?usp=drive_link
April 2023,Allianz,DPLK_Syariah_Fund,Moderat,0,4.38,95.62,100,0.69,1.65,3.74,4.5,23.33,40.16,132.06,https://drive.google.com/file/d/1UNkV35HBRFXSAeZScPZ41LZI1ARsuCi3/view?usp=drive_link
Januari 2023,Allianz,DPLK_USD_Fund,Moderat,0,5.87,94.13,100,-4.05,-0.41,-0.92,-0.58,3.95,13.59,6.3,https://drive.google.com/file/d/1CL0iv4Pr7ezHSkDC9UW6Gxy_z7SVJ3Ck/view?usp=drive_link
Februari 2023,Allianz,DPLK_USD_Fund,Moderat,0,2.7,97.3,100,0.51,-3.26,0.88,1.2,1.82,14.07,6.3,https://drive.google.com/file/d/1oDIsE_Swd8vZXaHHczCKoS47OMQqYLUV/view?usp=drive_link
Maret 2023,Allianz,DPLK_USD_Fund,Moderat,0,3.6,96.4,100,0.65,-2.94,2.85,2.42,-7.91,13.86,6.4,https://drive.google.com/file/d/1orxYQ8siHFWwmOyEskHZw-OfAJsZX1XQ/view?usp=drive_link
April 2023,Allianz,DPLK_USD_Fund,Moderat,0,4.14,95.86,100,-0.66,0.49,0.08,3.74,-4.83,12.59,6.4,https://drive.google.com/file/d/1AGnb176UXAz37ez6W2kFJ3r0DWzzVsVB/view?usp=drive_link
Januari 2023,BNI,FFS_BNI_Simponi_Berimbang,Agresif,50.47,44.75,4.78,100,0.27,-2.25,0.21,3.33,8.59,10.6,,https://drive.google.com/file/d/1BB2s6bKVjij9botxRoTXPSrpxrxhNO7l/view?usp=drive_link
Februari 2023,BNI,FFS_BNI_Simponi_Berimbang,Agresif,49.5,44.78,5.72,100,0.24,-1.62,-1.4,2.36,12.7,10.51,,https://drive.google.com/file/d/1Lngo7gWCT-ctoBbTWfnplSPRJLCKxA24/view?usp=drive_link
Maret 2023,BNI,FFS_BNI_Simponi_Berimbang,Agresif,49.28,44.74,5.98,100,0.76,1.28,-0.63,0.14,24.07,14.63,,https://drive.google.com/file/d/1bOFX8W5vM6sn8NdXOHnPVAdsqAhbMqm-/view?usp=drive_link
April 2023,BNI,FFS_BNI_Simponi_Berimbang,Agresif,49.5,44.78,5.72,100,1.38,2.39,0.14,-0.81,23.64,17.07,,https://drive.google.com/file/d/1f6Ge2CzFrPifVEAGtYfNGboKk3_M6lkE/view?usp=drive_link
Januari 2023,BNI,FFS_BNI_Simponi_Berimbang_Syariah,Agresif,50.35,29.77,19.89,100.01,-0.24,-0.78,-0.52,2.12,12.24,15.51,,https://drive.google.com/file/d/1ZwMTtP6zKdTiv-n8UlzoAgry8uNVw1WL/view?usp=drive_link
Februari 2023,BNI,FFS_BNI_Simponi_Berimbang_Syariah,Agresif,49.47,31.79,18.74,100,0.66,-0.68,-0.32,2.5,16.39,16.11,,https://drive.google.com/file/d/1X8QKaUaIS6uwh1BJ6uxvKn2_x1V8ANqx/view?usp=drive_link
Maret 2023,BNI,FFS_BNI_Simponi_Berimbang_Syariah,Agresif,49.22,31.81,18.97,100,-0.47,-0.04,0.16,0.35,23.04,18.66,,https://drive.google.com/file/d/1FB-TDeWURAY3Tjyi-9rLIuKj2XDvKMYM/view?usp=drive_link
April 2023,BNI,FFS_BNI_Simponi_Berimbang_Syariah,Agresif,49.47,31.79,18.74,100,0.85,1.04,0.26,-0.26,19.92,19.43,,https://drive.google.com/file/d/1bV1hdzFzeFt1z2erjZVKrbgtu-VEHdSE/view?usp=drive_link
Januari 2023,BNI,FFS_BNI_Simponi_Progresif,Agresif,50.23,4.68,45.09,100,0.41,-0.9,1.09,3.69,13.12,15.51,,https://drive.google.com/file/d/1UDPOjt_zxKQcxmirT7-EGBiEMluqYriM/view?usp=drive_link
Februari 2023,BNI,FFS_BNI_Simponi_Progresif,Agresif,49.59,0.98,49.43,100,0.1,-1.31,-0.83,2.49,17.12,15.44,,https://drive.google.com/file/d/1T1nVLxryMjFqQRAFiiNYzwr8uK2YrGzz/view?usp=drive_link
Maret 2023,BNI,FFS_BNI_Simponi_Progresif,Agresif,49.31,1.55,49.14,100,0.93,1.44,0.41,0.69,29.1,19.67,,https://drive.google.com/file/d/1K6NJKEaVsxjvA5gu3E51qltHOMb3LKVS/view?usp=drive_link
April 2023,BNI,FFS_BNI_Simponi_Progresif,Agresif,49.59,0.98,49.43,100,1.52,2.55,1.64,0.4,28.66,22.33,,https://drive.google.com/file/d/1cuEdAiNjL_uEbuzDfiN9WXQzw1GKgGWT/view?usp=drive_link
Januari 2023,BNI,FFS_BNI_Simponi_Likuid,Konservatif,1,90.01,9,100.01,0.44,1.2,1.99,3.55,13.77,28.46,,https://drive.google.com/file/d/1Z4doBHoqIjSVASuk12DKJVYZ6zy3C_RT/view?usp=drive_link
Februari 2023,BNI,FFS_BNI_Simponi_Likuid,Konservatif,1,88.38,11,100.38,0.46,1.3,2.2,3.74,13.65,28.35,,https://drive.google.com/file/d/1JuO9DdhIpdU9-U4c0DQSW88rDFO-mPOV/view?usp=drive_link
Maret 2023,BNI,FFS_BNI_Simponi_Likuid,Konservatif,1,87.85,11,99.85,0.47,1.36,2.43,3.94,13.54,28.27,,https://drive.google.com/file/d/1WPGUBZUytUO98vkxwbQyPIusYj5g0fFZ/view?usp=drive_link
April 2023,BNI,FFS_BNI_Simponi_Likuid,Konservatif,1,88.38,11,100.38,0.43,1.35,2.55,4.12,13.39,28.16,,https://drive.google.com/file/d/1aedpk6MT4tM8vXN-pq34wdVvJhFtEKla/view?usp=drive_link
Januari 2023,BNI,FFS_BNI_Simponi_Likuid_Plus,Konservatif,1,69.77,30.68,101.45,0.5,1.87,2.43,3.73,16.04,30.91,,https://drive.google.com/file/d/1hTTdIOBnRHFEfh0yDdIQ5sOY6KuM4KDO/view?usp=drive_link
Februari 2023,BNI,FFS_BNI_Simponi_Likuid_Plus,Konservatif,1,66.88,33.55,101.43,0.39,1.45,2.48,3.81,15.86,30.82,,https://drive.google.com/file/d/1t0t7pmwyQ4eTm2ryfaUhKDPW4VX10y_c/view?usp=drive_link
Maret 2023,BNI,FFS_BNI_Simponi_Likuid_Plus,Konservatif,1,66.75,33.7,101.45,0.55,1.44,2.95,4.21,16.05,30.79,,https://drive.google.com/file/d/1x1Za-TJWTCfFpwbwxxUqjQed_S5IQZli/view?usp=drive_link
April 2023,BNI,FFS_BNI_Simponi_Likuid_Plus,Konservatif,1,66.88,33.55,101.43,0.49,1.43,3.3,4.72,15.9,30.79,,https://drive.google.com/file/d/1SIFWsldIPPln3ge8TdNJg2vPadPV4RiB/view?usp=drive_link
Januari 2023,BNI,FFS_BNI_Simponi_Likuid_Syariah,Moderat,0,59.95,40.06,100.01,0.56,1.75,2.31,3.48,20.1,35.74,,https://drive.google.com/file/d/1gkg5GgKzeXso3epoxTewbXuVc2i838TQ/view?usp=drive_link
Februari 2023,BNI,FFS_BNI_Simponi_Likuid_Syariah,Moderat,0,62.91,37.09,100,0.43,1.29,2.44,3.55,19.87,35.47,,https://drive.google.com/file/d/1iK4RfNvKefz8IuNWmf1gJTDTIx9qLKwR/view?usp=drive_link
Maret 2023,BNI,FFS_BNI_Simponi_Likuid_Syariah,Moderat,0,62.65,37.35,100,0.61,1.6,3.03,4.07,19.86,35.43,,https://drive.google.com/file/d/11WcSaTCs7fNe8qJijJzzs73-NuWMgqxf/view?usp=drive_link
April 2023,BNI,FFS_BNI_Simponi_Likuid_Syariah,Moderat,0,62.91,37.09,100,0.54,1.57,3.32,4.62,19.77,35.35,,https://drive.google.com/file/d/1Tjajkcc5qalDlLXb7u6OF-0Hq2rOU8y7/view?usp=drive_link
Januari 2023,BNI,FFS_BNI_Simponi_Moderat,Moderat,0,49.59,50.41,100,0.57,2.54,2.87,3.92,18.31,33.36,,https://drive.google.com/file/d/1hZQRpgzN0uD4QTI81oJ86GHVUSQlJPsS/view?usp=drive_link
Februari 2023,BNI,FFS_BNI_Simponi_Moderat,Moderat,0,45.31,54.69,100,0.31,1.61,2.77,3.87,18.06,33.29,,https://drive.google.com/file/d/10CgxflOzdbUZOEaTGkLlReksBc0ZowxX/view?usp=drive_link
Maret 2023,BNI,FFS_BNI_Simponi_Moderat,Moderat,0,45.58,54.42,100,0.64,1.53,3.47,4.49,18.57,33.31,,https://drive.google.com/file/d/15KzCHZ0MIjjwiGpD4BL1a776owf4U3Jm/view?usp=drive_link
April 2023,BNI,FFS_BNI_Simponi_Moderat,Moderat,0,45.31,54.69,100,0.56,1.51,4.05,5.32,18.41,33.42,,https://drive.google.com/file/d/1jAygxW1SnTbJxDPgDbWc_fLB-tl9ctid/view?usp=drive_link
Januari 2023,Generali,DPLK_Generali_Equity,Agresif,92.49,7.51,0,100,0.67,-6.23,,-3.82,,,65.04,https://drive.google.com/file/d/18O5EmHtRbbDWhu25dYbnrMcLbVO8A8TI/view?usp=drive_link
Februari 2023,Generali,DPLK_Generali_Equity,Agresif,88.7,11.3,0,100,0.98,-3.91,,-4.97,,,68.35,https://drive.google.com/file/d/1Y9RErDupxYfJ2SWcPQPvQE333tsr5ZQM/view?usp=drive_link
Maret 2023,Generali,DPLK_Generali_Equity,Agresif,99.25,0.75,0,100,-2.94,-1.33,,-11.5,,,64.46,https://drive.google.com/file/d/1gmA7wjrwUe5Ve9T63gCpcNKbVO8mkoIF/view?usp=drive_link
April 2023,Generali,DPLK_Generali_Equity,Agresif,96.67,3.33,0,100,1.48,-0.54,,-12.68,,,67.11,https://drive.google.com/drive/folders/1WLpKW2jGZal8JHRnE_S5GUSUBV5x1Rvl?usp=drive_link
Januari 2023,Generali,DPLK_Generali_Money Market,Konservatif,,100,0,100,0.36,0.96,,3.16,,,310.01,https://drive.google.com/file/d/18O5EmHtRbbDWhu25dYbnrMcLbVO8A8TI/view?usp=drive_link
Februari 2023,Generali,DPLK_Generali_Money Market,Konservatif,,100,0,100,0.33,1.1,,3.28,,,330.15,https://drive.google.com/file/d/1Y9RErDupxYfJ2SWcPQPvQE333tsr5ZQM/view?usp=drive_link
Maret 2023,Generali,DPLK_Generali_Money Market,Konservatif,,100,0,100,0.39,1.08,,3.41,,,334.24,https://drive.google.com/file/d/1gmA7wjrwUe5Ve9T63gCpcNKbVO8mkoIF/view?usp=drive_link
April 2023,Generali,DPLK_Generali_Money Market,Konservatif,,100,0,100,0.34,1.06,,3.54,,,337.58,https://drive.google.com/drive/folders/1WLpKW2jGZal8JHRnE_S5GUSUBV5x1Rvl?usp=drive_link
Januari 2023,Generali,DPLK_Generali_Fixed Income,Moderat,,29.44,70.56,100,1.49,4.67,,6.71,,,80.11,https://drive.google.com/file/d/18O5EmHtRbbDWhu25dYbnrMcLbVO8A8TI/view?usp=drive_link
Februari 2023,Generali,DPLK_Generali_Fixed Income,Moderat,,17.38,82.62,100,0.23,2.34,,6.54,,,85.03,https://drive.google.com/file/d/1Y9RErDupxYfJ2SWcPQPvQE333tsr5ZQM/view?usp=drive_link
Maret 2023,Generali,DPLK_Generali_Fixed Income,Moderat,,8.29,91.71,100,0.86,2.6,,7.32,,,88.51,https://drive.google.com/file/d/1gmA7wjrwUe5Ve9T63gCpcNKbVO8mkoIF/view?usp=drive_link
April 2023,Generali,DPLK_Generali_Fixed Income,Moderat,,2.36,97.64,100,1.08,2.19,,8.82,,,93.31,https://drive.google.com/drive/folders/1WLpKW2jGZal8JHRnE_S5GUSUBV5x1Rvl?usp=drive_link
Januari 2023,Manulife,GRO_Dana_Saham,Agresif,95.94,4.06,0,100,1,-11.34,-9.81,-8.35,-3.78,-3.71,1310,https://drive.google.com/file/d/1yXKP_HC1rsK5BV36jRM52UAS01kexYs4/view?usp=drive_link
Februari 2023,Manulife,GRO_Dana_Saham,Agresif,96.75,3.25,0,100,-1.03,-8.01,-12.89,-12.04,-1.35,-3.76,1290,https://drive.google.com/file/d/1H9WVIXFX7g5p49jUj7QgBpm-S1eKHmT0/view?usp=drive_link
Maret 2023,Manulife,GRO_Dana_Saham,Agresif,95.91,4.09,0,100,-0.33,-0.37,-11.91,-14.59,9.67,-2.36,1300,https://drive.google.com/file/d/1GU6fjdm6JLnW-uqbYBOeVZ-L_nP_ZmU6/view?usp=drive_link
April 2023,Manulife,GRO_Dana_Saham,Agresif,97.3,2.7,0,100,1.51,0.14,-11.22,-17.21,9.3,-1.35,1340,https://drive.google.com/file/d/1CvhFX_oldAsfYBXoL9ecQqyD-nHf-NEZ/view?usp=drive_link
Januari 2023,Manulife,GRO_Dana_Pasar_Uang,Konservatif,0,100,0,100,0.41,1.02,1.82,3.35,4.43,5.56,9340,https://drive.google.com/file/d/1yK9fFwxqsoiM9VQvVrHwTnWnZN0pTWUx/view?usp=drive_link
Februari 2023,Manulife,GRO_Dana_Pasar_Uang,Konservatif,0,100,0,100,0.39,1.14,1.94,3.53,4.38,5.54,9380,https://drive.google.com/file/d/1egZ8lJ_eBYe57z0NjuAQmv0vAYExM-fs/view?usp=drive_link
Maret 2023,Manulife,GRO_Dana_Pasar_Uang,Konservatif,0,100,0,100,0.46,1.27,2.16,3.71,4.35,5.52,9430,https://drive.google.com/file/d/1xrmhVC3RxGiPKNu1VNV_raXhMH3V35MF/view?usp=drive_link
April 2023,Manulife,GRO_Dana_Pasar_Uang,Konservatif,0,100,0,100,0.42,1.28,2.31,3.91,4.33,5.51,9460,https://drive.google.com/file/d/1O5eBhYh2Mq9nGBI5oyknmdlaZHO_cK_b/view?usp=drive_link
Januari 2023,Manulife,GRO_Dana_Pendapatan_Tetap,Konservatif,0,12.74,87.26,100,1.75,6.08,5.41,5.24,6.85,6.7,2100,https://drive.google.com/file/d/1dr4mJYHEEwHE6LJppUNSzoTO86bmtA_Z/view?usp=drive_link
Februari 2023,Manulife,GRO_Dana_Pendapatan_Tetap,Konservatif,0,10.04,89.97,100.01,-0.15,2.56,4.09,4.64,6.88,6.97,2100,https://drive.google.com/file/d/1vzrABfGfVxxILO2ssiJ7p70OYOlFOKya/view?usp=drive_link
Maret 2023,Manulife,GRO_Dana_Pendapatan_Tetap,Konservatif,0,12.57,87.43,100,0.85,2.46,6.34,6.49,8.95,6.98,2190,https://drive.google.com/file/d/1vxUcEu2WkWqEPVMILEjlE9Qel4uHDSt1/view?usp=drive_link
April 2023,Manulife,GRO_Dana_Pendapatan_Tetap,Konservatif,0,4.77,95.23,100,0.97,1.68,7.86,8.24,8.86,7.37,2240,https://drive.google.com/file/d/1iT7yYM3aqXiU5WAvVdzqfigPMkGuF9yd/view?usp=drive_link
Januari 2023,Manulife,GRO_Dana_Syariah,Konservatif,0,100,0,100,0.46,1.13,1.9,3.36,4.3,5.36,628.85,https://drive.google.com/file/d/1y2zKtJeYUiIzj1p58zYNPaxISERc3bGt/view?usp=drive_link
Februari 2023,Manulife,GRO_Dana_Syariah,Konservatif,0,100,0,100,0.41,1.24,2.05,3.58,4.27,5.35,637.21,https://drive.google.com/file/d/1MPZukCvC0LSH5GCcQgn2ws7snv494DK0/view?usp=drive_link
Maret 2023,Manulife,GRO_Dana_Syariah,Konservatif,0,100,0,100,0.46,1.33,2.27,3.77,4.25,5.34,649.72,https://drive.google.com/file/d/1W8Tu1bAP1kbeXQYOn9DhEPR20daiZ6rR/view?usp=drive_link
April 2023,Manulife,GRO_Dana_Syariah,Konservatif,0,100,0,100,0.41,1.28,2.42,3.96,4.22,5.33,664.39,https://drive.google.com/file/d/1ifOV67fMWaISNzEZ-0eq7QSqcox5k0Mp/view?usp=drive_link
Januari 2023,Manulife,GRO_Dana_US_Dollar,Konservatif,0,100,0,100,-4.29,-3.81,0.03,3.39,4.91,4.2,11.49,https://drive.google.com/file/d/1ztlZZIv2rWCJM0ddfwv1VYCI-9gGELL0/view?usp=drive_link
Februari 2023,Manulife,GRO_Dana_US_Dollar,Konservatif,0,100,0,100,2.08,-2.85,2.93,5.77,4.03,4.23,75.04,https://drive.google.com/file/d/1ASK46kHmAhijzNTrmJcj5kd7L7SrF40I/view?usp=drive_link
Maret 2023,Manulife,GRO_Dana_US_Dollar,Konservatif,0,100,0,100,-1.24,-3.53,-1.12,4.85,-1.24,3.87,75.84,https://drive.google.com/file/d/1X_rC8IHCBByBbZRU46tll0EOsjr-ywHM/view?usp=drive_link
April 2023,Manulife,GRO_Dana_US_Dollar,Konservatif,0,100,0,100,-2.3,-1.51,-5.12,1.93,0.51,3.2,75.35,https://drive.google.com/file/d/1ODQZg6py7eFvcHbav_fBMoZoVVYRUHq_/view?usp=drive_link
Januari 2023,Muamalat,Paket C,Agresif,19.23,80.77,0,100,-0.14,-2.83,-1.6,1.35,-4.75,-17.03,88.06,https://drive.google.com/file/d/1fSlYjp_sMkvnpYrRoHrjIjzMA03CH8j1/view?usp=drive_link
Februari 2023,Muamalat,Paket C,Agresif,19.33,80.67,0,100,0.5,-1.72,-3.64,0.1,6.24,-15.72,88.06,https://drive.google.com/file/d/1QO1TgJ5JUIw3HY5PaqwyP9Q4C85lSXbQ/view?usp=drive_link
Maret 2023,Muamalat,Paket C,Agresif,20.01,79.99,0,100,0.37,0.73,-1.67,-0.35,21.62,-7.51,85.19,https://drive.google.com/file/d/1qMaWaEoTv3oBZAs326yVRJ9V6-okodLi/view?usp=drive_link
April 2023,Muamalat,Paket C,Agresif,23.14,76.85,0,99.99,0.75,1.62,-1.21,-4.68,15.38,-5.92,85.19,https://drive.google.com/file/d/1lPWWWv7988s6aBZWZSVp_oJwJmNQ9tD7/view?usp=drive_link
Januari 2023,Muamalat,Paket A,Konservatif,0,85.17,14.83,100,0.53,1.5,2.58,4.42,17.41,32.7,893.86,https://drive.google.com/file/d/1fSlYjp_sMkvnpYrRoHrjIjzMA03CH8j1/view?usp=drive_link
Februari 2023,Muamalat,Paket A,Konservatif,0,88.88,11.12,100,0.43,1.35,2.64,4.61,17.43,32.5,890.35,https://drive.google.com/file/d/1QO1TgJ5JUIw3HY5PaqwyP9Q4C85lSXbQ/view?usp=drive_link
Maret 2023,Muamalat,Paket A,Konservatif,0,92.57,7.43,100,0.51,1.47,2.83,4.7,17.13,32.51,917.88,https://drive.google.com/file/d/1qMaWaEoTv3oBZAs326yVRJ9V6-okodLi/view?usp=drive_link
April 2023,Muamalat,Paket A,Konservatif,0,89.54,10.46,100,0.45,1.39,2.89,4.92,16.99,32.36,935.28,https://drive.google.com/file/d/1lPWWWv7988s6aBZWZSVp_oJwJmNQ9tD7/view?usp=drive_link
Januari 2023,Muamalat,Paket B,Moderat,0,24.86,75.15,100.01,0.78,2.86,3.22,4.21,21.23,41.07,520.96,https://drive.google.com/file/d/1fSlYjp_sMkvnpYrRoHrjIjzMA03CH8j1/view?usp=drive_link
Februari 2023,Muamalat,Paket B,Moderat,0,24.41,75.59,100,0.01,0.85,2.25,3.36,21.81,40.53,524.52,https://drive.google.com/file/d/1QO1TgJ5JUIw3HY5PaqwyP9Q4C85lSXbQ/view?usp=drive_link
Maret 2023,Muamalat,Paket B,Moderat,0,37.37,62.63,100,0.75,1.54,3.5,4.15,25.94,40.44,521.29,https://drive.google.com/file/d/1qMaWaEoTv3oBZAs326yVRJ9V6-okodLi/view?usp=drive_link
April 2023,Muamalat,Paket B,Moderat,0,35.83,64.17,100,0.69,1.45,4.31,4.91,25.03,40.41,521.29,https://drive.google.com/file/d/1lPWWWv7988s6aBZWZSVp_oJwJmNQ9tD7/view?usp=drive_link
Januari 2023,SimasJaya,Siji_Pensiun_Bahagia,Konservatif,1.14,6.4,92.46,100,1.15,4.02,5.34,8.37,,,67,https://drive.google.com/file/d/1zsh3OJglixdxDnUtkyJEuwIiAu73JfXC/view?usp=drive_link
Februari 2023,SimasJaya,Siji_Pensiun_Bahagia,Konservatif,1.15,5.23,93.62,100,0.17,1.99,3.98,7.33,,,106.39,https://drive.google.com/file/d/1auJXslku0mf5UpL6uHwU66Tsv5O1YAat/view?usp=drive_link
Maret 2023,SimasJaya,Siji_Pensiun_Bahagia,Konservatif,1.08,6.12,92.8,100,0.84,2.16,4.69,7.95,,,110.89,https://drive.google.com/file/d/1rVnt4O1b_simW59dlC_rTRnqL357yFe2/view?usp=drive_link
April 2023,SimasJaya,Siji_Pensiun_Bahagia,Konservatif,1.21,6.49,92.31,100.01,0.98,10.52,6.09,9.17,,,111.76,https://drive.google.com/file/d/1MjqgRWEC-bSRukLgsOYUAwTsIJVlkLJt/view?usp=drive_link
Januari 2023,SimasJaya,Siji_Pensiun_Sejahtera,Konservatif,0,7.96,92.04,100,1.04,4.2,4.72,8.6,,,125,https://drive.google.com/file/d/1woFB9IcVRgCmQlyL94TqLl-RIR3guKH5/view?usp=drive_link
Februari 2023,SimasJaya,Siji_Pensiun_Sejahtera,Konservatif,0,3.94,96.06,100,0.27,1.84,3.43,7.58,,,202.66,https://drive.google.com/file/d/1R3xXwLQKF7t_ZfTSw_xheZZ9tt_LCmMO/view?usp=drive_link
Maret 2023,SimasJaya,Siji_Pensiun_Sejahtera,Konservatif,0,5.19,94.81,100,0.7,2.02,4.87,8.32,,,200.85,https://drive.google.com/file/d/1jrPLLCUxBhuExquc1SRLn_Fi7K7_x00j/view?usp=drive_link
April 2023,SimasJaya,Siji_Pensiun_Sejahtera,Konservatif,0,8.07,91.93,100,0.8,10.53,6.05,9.47,,,230.27,https://drive.google.com/file/d/11vcZNrXP0p7s-oSqRP6Jfziw1BMR1zai/view?usp=drive_link